{
    "name": "dnd5e_DMTools",
    "title": "DND5E城主工具包",
    "description": "目前集成了物品随机表,部分常用物品材料等。",
    "version": "1.1.2",
	"authors": [{"name":"Eternal Rider"},{"name":"classpack社区"}],
    "systems": ["dnd5e"],
    "scripts": [],
    "styles": [],
    "packs": [{
            "label": "DMT随机表",
            "entity": "RollTable",
            "name": "homebrewrolltable",
            "path": "packs/homebrewrolltable.db",
            "system": "dnd5e"
        }, {
            "label": "DMT材料表",
            "entity": "Item",
            "name": "homebrewmaterial",
            "path": "packs/homebrewmaterial.db",
            "system": "dnd5e"
        }, {
            "label": "DMT名字表",
            "entity": "JournalEntry",
            "name": "homebrewjournal",
            "path": "packs/homebrewjournal.db",
            "system": "dnd5e"
        }, {
            "label": "DMT道具表",
            "entity": "Item",
            "name": "lootfill",
            "path": "packs/lootfill.db",
            "system": "dnd5e"
        }
    ],
    "dependencies": [{
            "name": "dnd5e",
            "type": "system"
        }, {
            "name": "dnd5e_classpack",
            "type": "module",
            "manifest": "https://raw.githubusercontent.com/HJSmile/classpack/master/dnd5e_classpack/module.json"
        }, {
            "name": "better-rolltables",
            "type": "module",
            "manifest": "https://raw.githubusercontent.com/ultrakorne/better-rolltables/master/module.json"
        }
    ],
    "url": "https://github.com/feederze/DMTools",
    "minimumCoreVersion": "0.5.0",
    "compatibleCoreVersion": "0.8.9",
    "manifest": "https://cdn.jsdelivr.net/gh/feederze/DMTools/module.json",
    "download": "https://cdn.jsdelivr.net/gh/feederze/DMTools/dnd5e_DMTools.zip"
}
