{
  "id": "dnd5e_DMTools",
  "title": "DND5E城主工具包",
  "description": "目前集成了物品随机表,部分常用物品材料等。部分功能依赖于Better Roll Tables,但截至本模组更新时BRT尚不支持V11. 未来可期!",
  "version": "1.3.4",
  "authors": [
    {
      "name": "Eternal Rider"
    },
	    {
      "name": "苦力Dora"
    },
    {
      "name": "classpack社区"
    }
  ],
  "packs": [
    {
      "name": "homebrewrolltable",
      "label": "DMT随机表",
      "path": "packs/homebrewrolltable",
      "type": "RollTable",
      "system": "dnd5e",
      "ownership": {
        "PLAYER": "OBSERVER",
        "ASSISTANT": "OWNER"
      }
    },
    {
      "name": "homebrewmaterial",
      "label": "DMT材料表",
      "path": "packs/homebrewmaterial",
      "type": "Item",
      "system": "dnd5e",
      "ownership": {
        "PLAYER": "OBSERVER",
        "ASSISTANT": "OWNER"
      }
    },
    {
      "name": "homebrewjournal",
      "label": "DMT名字表",
      "path": "packs/homebrewjournal",
      "type": "JournalEntry",
      "system": "dnd5e",
      "ownership": {
        "PLAYER": "OBSERVER",
        "ASSISTANT": "OWNER"
      }
    },
    {
      "name": "lootfill",
      "label": "DMT道具表",
      "path": "packs/lootfill",
      "type": "Item",
      "system": "dnd5e",
      "ownership": {
        "PLAYER": "OBSERVER",
        "ASSISTANT": "OWNER"
      }
    }
  ],
  "relationships": {
    "systems": [
      {
        "id": "dnd5e",
        "type": "system",
        "manifest": "https://raw.githubusercontent.com/foundryvtt/dnd5e/master/system.json",
        "compatibility": {
          "verified": "2.2.2"
        }
      }
    ],
    "requires": [
      {
        "id": "dnd5e_classpack",
        "type": "module",
        "manifest": "https://raw.githubusercontent.com/HJSmile/classpack/master/dnd5e_classpack/module.json",
        "compatibility": {
          "verified": "2.2.0"
        }
      }
    ],
    "recommends": [
      {
        "id": "better-rolltables",
        "type": "module"
      }
    ]
  },
  "compatibility": {
    "minimum": "11",
    "verified": "11"
  },
  "url": "https://github.com/feederze/DMTools",
  "manifest": "https://cdn.jsdelivr.net/gh/feederze/DMTools/module.json",
  "download": "https://cdn.jsdelivr.net/gh/feederze/DMTools/dnd5e_DMTools.zip"
}